{
  "confidence_threshold": 0.25,
  "calibration_date": "2026-07-21",
  "in_scope": {
    "min": 0.29904279112815857,
    "avg": 0.4626625180244446,
    "max": 0.6361950635910034,
    "count": 8
  },
  "out_of_scope": {
    "min": 0.663754940032959,
    "avg": 0.9362678527832031,
    "max": 1.2087807655334473,
    "count": 2
  }
}